<ImportExportXml xmlns:xsi="http://www.w3.org/2001/XMLSchema-instance" OrganizationVersion="9.2.25032.214" OrganizationSchemaType="Full" CRMServerServiceabilityVersion="9.2.25032.00214">
  <Entities>
    <Entity>
      <Name LocalizedName="Allocation feature settings entity" OriginalName="Allocation feature settings entity">is_allocationfeaturesetting</Name>
      <EntityInfo>
        <entity Name="is_allocationfeaturesetting" unmodified="1">
          <attributes />
        </entity>
      </EntityInfo>
      <FormXml>
        <forms type="main">
          <systemform>
            <formid>{7df2235e-2ce3-ed11-a7c7-000d3a12783c}</formid>
            <IntroducedVersion>1.0.0.0</IntroducedVersion>
            <FormPresentation>1</FormPresentation>
            <FormActivationState>1</FormActivationState>
            <form headerdensity="HighWithControls">
              <DisplayConditions Order="1" FallbackForm="true">
                <Role Id="{627090ff-40a3-4053-8790-584edc5be201}" solutionaction="Modified" />
                <Role Id="{119f245c-3cc8-4b62-b31c-d1a046ced15d}" solutionaction="Modified" />
                <Role Id="{4A55705D-5FB2-483C-9881-8FAA64B31BE1}" solutionaction="Added" />
              </DisplayConditions>
            </form>
            <LocalizedNames>
              <LocalizedName description="IV UI V2 form" languagecode="1033" />
            </LocalizedNames>
            <Descriptions>
              <Description description="A form for this entity." languagecode="1033" />
            </Descriptions>
          </systemform>
          <systemform>
            <formid>{af4c08a4-f12f-47c0-9dfb-3cb40dc35a02}</formid>
            <IntroducedVersion>1.0</IntroducedVersion>
            <FormPresentation>1</FormPresentation>
            <FormActivationState>1</FormActivationState>
            <form>
              <DisplayConditions FallbackForm="false" Order="2" solutionaction="Added" />
            </form>
            <LocalizedNames>
              <LocalizedName description="Information" languagecode="1033" />
            </LocalizedNames>
            <Descriptions>
              <Description description="A form for this entity." languagecode="1033" />
            </Descriptions>
          </systemform>
        </forms>
      </FormXml>
      <RibbonDiffXml>
        <CustomActions />
        <Templates>
          <RibbonTemplates Id="Mscrm.Templates"></RibbonTemplates>
        </Templates>
        <CommandDefinitions />
        <RuleDefinitions>
          <TabDisplayRules />
          <DisplayRules />
          <EnableRules />
        </RuleDefinitions>
        <LocLabels />
      </RibbonDiffXml>
    </Entity>
    <Entity>
      <Name LocalizedName="Calculated Measure Detail V2" OriginalName="Calculated Measure Detail V2">is_calculatedmeasuredetailv2</Name>
      <EntityInfo>
        <entity Name="is_calculatedmeasuredetailv2" unmodified="1">
          <attributes />
        </entity>
      </EntityInfo>
      <FormXml>
        <forms type="main">
          <systemform>
            <formid>{d4563ac7-2de3-ed11-a7c7-000d3a12783c}</formid>
            <IntroducedVersion>1.0.0.0</IntroducedVersion>
            <FormPresentation>1</FormPresentation>
            <FormActivationState>1</FormActivationState>
            <form headerdensity="HighWithControls">
              <DisplayConditions Order="1" FallbackForm="true">
                <Role Id="{627090ff-40a3-4053-8790-584edc5be201}" solutionaction="Modified" />
                <Role Id="{119f245c-3cc8-4b62-b31c-d1a046ced15d}" solutionaction="Modified" />
                <Role Id="{4A55705D-5FB2-483C-9881-8FAA64B31BE1}" solutionaction="Added" />
              </DisplayConditions>
            </form>
            <LocalizedNames>
              <LocalizedName description="IV UI V2 form" languagecode="1033" />
            </LocalizedNames>
            <Descriptions>
              <Description description="A form for this entity." languagecode="1033" />
            </Descriptions>
          </systemform>
          <systemform>
            <formid>{4bad2694-132b-4d8d-b4d0-724a7fd03936}</formid>
            <IntroducedVersion>1.0</IntroducedVersion>
            <FormPresentation>1</FormPresentation>
            <FormActivationState>1</FormActivationState>
            <form>
              <DisplayConditions FallbackForm="false" Order="2" solutionaction="Added" />
            </form>
            <LocalizedNames>
              <LocalizedName description="Information" languagecode="1033" />
            </LocalizedNames>
            <Descriptions>
              <Description description="A form for this entity." languagecode="1033" />
            </Descriptions>
          </systemform>
        </forms>
      </FormXml>
      <RibbonDiffXml>
        <CustomActions />
        <Templates>
          <RibbonTemplates Id="Mscrm.Templates"></RibbonTemplates>
        </Templates>
        <CommandDefinitions />
        <RuleDefinitions>
          <TabDisplayRules />
          <DisplayRules />
          <EnableRules />
        </RuleDefinitions>
        <LocLabels />
      </RibbonDiffXml>
    </Entity>
    <Entity>
      <Name LocalizedName="Calculated Measure Metadata V2" OriginalName="Calculated Measure Metadata V2">is_calculatedmeasuremetadatav2</Name>
      <EntityInfo>
        <entity Name="is_calculatedmeasuremetadatav2" unmodified="1">
          <attributes />
        </entity>
      </EntityInfo>
      <FormXml>
        <forms type="main">
          <systemform>
            <formid>{bc60b80d-2fe3-ed11-a7c7-0022482361d3}</formid>
            <IntroducedVersion>1.0.0.0</IntroducedVersion>
            <FormPresentation>1</FormPresentation>
            <FormActivationState>1</FormActivationState>
            <form headerdensity="HighWithControls">
              <DisplayConditions Order="1" FallbackForm="true">
                <Role Id="{627090ff-40a3-4053-8790-584edc5be201}" solutionaction="Modified" />
                <Role Id="{119f245c-3cc8-4b62-b31c-d1a046ced15d}" solutionaction="Modified" />
                <Role Id="{4A55705D-5FB2-483C-9881-8FAA64B31BE1}" solutionaction="Added" />
              </DisplayConditions>
            </form>
            <LocalizedNames>
              <LocalizedName description="IV UI V2 form" languagecode="1033" />
            </LocalizedNames>
            <Descriptions>
              <Description description="A form for this entity." languagecode="1033" />
            </Descriptions>
          </systemform>
          <systemform>
            <formid>{269ec1b1-18b5-4ca1-9cdc-926ad9d8be98}</formid>
            <IntroducedVersion>1.0</IntroducedVersion>
            <FormPresentation>1</FormPresentation>
            <FormActivationState>1</FormActivationState>
            <form>
              <DisplayConditions FallbackForm="false" Order="2" solutionaction="Added" />
            </form>
            <LocalizedNames>
              <LocalizedName description="Information" languagecode="1033" />
            </LocalizedNames>
            <Descriptions>
              <Description description="A form for this entity." languagecode="1033" />
            </Descriptions>
          </systemform>
        </forms>
      </FormXml>
      <RibbonDiffXml>
        <CustomActions />
        <Templates>
          <RibbonTemplates Id="Mscrm.Templates"></RibbonTemplates>
        </Templates>
        <CommandDefinitions />
        <RuleDefinitions>
          <TabDisplayRules />
          <DisplayRules />
          <EnableRules />
        </RuleDefinitions>
        <LocLabels />
      </RibbonDiffXml>
    </Entity>
    <Entity>
      <Name LocalizedName="Dimension Mapping" OriginalName="Dimension Mapping">is_dimensionmapping</Name>
      <EntityInfo>
        <entity Name="is_dimensionmapping" unmodified="1">
          <attributes />
        </entity>
      </EntityInfo>
      <FormXml>
        <forms type="main">
          <systemform>
            <formid>{ca6c9b19-30e3-ed11-a7c7-0022482361d3}</formid>
            <IntroducedVersion>1.0.0.0</IntroducedVersion>
            <FormPresentation>1</FormPresentation>
            <FormActivationState>1</FormActivationState>
            <form headerdensity="HighWithControls">
              <DisplayConditions Order="1" FallbackForm="true">
                <Role Id="{627090ff-40a3-4053-8790-584edc5be201}" solutionaction="Modified" />
                <Role Id="{119f245c-3cc8-4b62-b31c-d1a046ced15d}" solutionaction="Modified" />
                <Role Id="{4A55705D-5FB2-483C-9881-8FAA64B31BE1}" solutionaction="Added" />
              </DisplayConditions>
            </form>
            <LocalizedNames>
              <LocalizedName description="IV UI V2 View" languagecode="1033" />
            </LocalizedNames>
            <Descriptions>
              <Description description="A form for this entity." languagecode="1033" />
            </Descriptions>
          </systemform>
          <systemform>
            <formid>{4cf828a6-5cfa-4ff3-a723-d3055cd2d5e3}</formid>
            <IntroducedVersion>1.0</IntroducedVersion>
            <FormPresentation>1</FormPresentation>
            <FormActivationState>1</FormActivationState>
            <form headerdensity="HighWithControls">
              <DisplayConditions Order="2" FallbackForm="false" solutionaction="Modified">
                <Everyone solutionaction="Removed" />
              </DisplayConditions>
            </form>
            <LocalizedNames>
              <LocalizedName description="Information" languagecode="1033" />
            </LocalizedNames>
            <Descriptions>
              <Description description="A form for this entity." languagecode="1033" />
            </Descriptions>
          </systemform>
        </forms>
      </FormXml>
      <RibbonDiffXml>
        <CustomActions />
        <Templates>
          <RibbonTemplates Id="Mscrm.Templates"></RibbonTemplates>
        </Templates>
        <CommandDefinitions />
        <RuleDefinitions>
          <TabDisplayRules />
          <DisplayRules />
          <EnableRules />
        </RuleDefinitions>
        <LocLabels />
      </RibbonDiffXml>
    </Entity>
    <Entity>
      <Name LocalizedName="Entity Version" OriginalName="Entity Version">is_entityversion</Name>
      <EntityInfo>
        <entity Name="is_entityversion" unmodified="1">
          <attributes />
        </entity>
      </EntityInfo>
      <FormXml>
        <forms type="main">
          <systemform>
            <formid>{8836f0bc-1ee3-ed11-a7c7-000d3a12783c}</formid>
            <IntroducedVersion>1.0.0.0</IntroducedVersion>
            <FormPresentation>1</FormPresentation>
            <FormActivationState>1</FormActivationState>
            <form headerdensity="HighWithControls">
              <DisplayConditions Order="1" FallbackForm="true">
                <Role Id="{627090ff-40a3-4053-8790-584edc5be201}" solutionaction="Modified" />
                <Role Id="{119f245c-3cc8-4b62-b31c-d1a046ced15d}" solutionaction="Modified" />
                <Role Id="{4A55705D-5FB2-483C-9881-8FAA64B31BE1}" solutionaction="Added" />
              </DisplayConditions>
            </form>
            <LocalizedNames>
              <LocalizedName description="IV UI V2 View" languagecode="1033" />
            </LocalizedNames>
            <Descriptions>
              <Description description="A form for this entity." languagecode="1033" />
            </Descriptions>
          </systemform>
          <systemform>
            <formid>{ea1575f6-641d-4f35-b8a4-d3f20a87d454}</formid>
            <IntroducedVersion>1.0</IntroducedVersion>
            <FormPresentation>1</FormPresentation>
            <FormActivationState>1</FormActivationState>
            <form>
              <DisplayConditions FallbackForm="false" Order="2" solutionaction="Added" />
            </form>
            <LocalizedNames>
              <LocalizedName description="Information" languagecode="1033" />
            </LocalizedNames>
            <Descriptions>
              <Description description="A form for this entity." languagecode="1033" />
            </Descriptions>
          </systemform>
        </forms>
      </FormXml>
      <RibbonDiffXml>
        <CustomActions />
        <Templates>
          <RibbonTemplates Id="Mscrm.Templates"></RibbonTemplates>
        </Templates>
        <CommandDefinitions />
        <RuleDefinitions>
          <TabDisplayRules />
          <DisplayRules />
          <EnableRules />
        </RuleDefinitions>
        <LocLabels />
      </RibbonDiffXml>
    </Entity>
    <Entity>
      <Name LocalizedName="Inventory Summary feature settings entity" OriginalName="Inventory Summary feature settings entity">is_inventorysummaryfeaturesettings</Name>
      <EntityInfo>
        <entity Name="is_inventorysummaryfeaturesettings" unmodified="1">
          <attributes />
        </entity>
      </EntityInfo>
      <FormXml>
        <forms type="main">
          <systemform>
            <formid>{9a9ceea8-30e3-ed11-a7c7-000d3a12783c}</formid>
            <IntroducedVersion>1.0.0.0</IntroducedVersion>
            <FormPresentation>1</FormPresentation>
            <FormActivationState>1</FormActivationState>
            <form headerdensity="HighWithControls">
              <DisplayConditions Order="1" FallbackForm="true">
                <Role Id="{627090ff-40a3-4053-8790-584edc5be201}" solutionaction="Modified" />
                <Role Id="{119f245c-3cc8-4b62-b31c-d1a046ced15d}" solutionaction="Modified" />
                <Role Id="{4A55705D-5FB2-483C-9881-8FAA64B31BE1}" solutionaction="Added" />
              </DisplayConditions>
            </form>
            <LocalizedNames>
              <LocalizedName description="IV UI V2 form" languagecode="1033" />
            </LocalizedNames>
            <Descriptions>
              <Description description="A form for this entity." languagecode="1033" />
            </Descriptions>
          </systemform>
          <systemform>
            <formid>{5e37267e-fcb1-440a-b580-dab368790d94}</formid>
            <IntroducedVersion>1.0</IntroducedVersion>
            <FormPresentation>1</FormPresentation>
            <FormActivationState>1</FormActivationState>
            <form>
              <DisplayConditions FallbackForm="false" Order="2" solutionaction="Added" />
            </form>
            <LocalizedNames>
              <LocalizedName description="Information" languagecode="1033" />
            </LocalizedNames>
            <Descriptions>
              <Description description="A form for this entity." languagecode="1033" />
            </Descriptions>
          </systemform>
        </forms>
      </FormXml>
      <RibbonDiffXml>
        <CustomActions />
        <Templates>
          <RibbonTemplates Id="Mscrm.Templates"></RibbonTemplates>
        </Templates>
        <CommandDefinitions />
        <RuleDefinitions>
          <TabDisplayRules />
          <DisplayRules />
          <EnableRules />
        </RuleDefinitions>
        <LocLabels />
      </RibbonDiffXml>
    </Entity>
    <Entity>
      <Name LocalizedName="Inventory System Configuration" OriginalName="Inventory System Configuration">is_inventorysystemconfig</Name>
      <EntityInfo>
        <entity Name="is_inventorysystemconfig" unmodified="1">
          <attributes />
        </entity>
      </EntityInfo>
      <FormXml>
        <forms type="main">
          <systemform>
            <formid>{38f517f0-31e3-ed11-a7c7-0022482361d3}</formid>
            <IntroducedVersion>1.0.0.0</IntroducedVersion>
            <FormPresentation>1</FormPresentation>
            <FormActivationState>1</FormActivationState>
            <form headerdensity="HighWithControls">
              <DisplayConditions Order="1" FallbackForm="true">
                <Role Id="{627090ff-40a3-4053-8790-584edc5be201}" solutionaction="Modified" />
                <Role Id="{119f245c-3cc8-4b62-b31c-d1a046ced15d}" solutionaction="Modified" />
                <Role Id="{4A55705D-5FB2-483C-9881-8FAA64B31BE1}" solutionaction="Added" />
              </DisplayConditions>
            </form>
            <LocalizedNames>
              <LocalizedName description="IV UI V2 form" languagecode="1033" />
            </LocalizedNames>
            <Descriptions>
              <Description description="A form for this entity." languagecode="1033" />
            </Descriptions>
          </systemform>
          <systemform>
            <formid>{e72e02a0-486c-4256-b7b8-abead08f277f}</formid>
            <IntroducedVersion>1.0</IntroducedVersion>
            <FormPresentation>1</FormPresentation>
            <FormActivationState>1</FormActivationState>
            <form>
              <DisplayConditions FallbackForm="false" Order="2" solutionaction="Added" />
            </form>
            <LocalizedNames>
              <LocalizedName description="Information" languagecode="1033" />
            </LocalizedNames>
            <Descriptions>
              <Description description="A form for this entity." languagecode="1033" />
            </Descriptions>
          </systemform>
        </forms>
      </FormXml>
      <RibbonDiffXml>
        <CustomActions />
        <Templates>
          <RibbonTemplates Id="Mscrm.Templates"></RibbonTemplates>
        </Templates>
        <CommandDefinitions />
        <RuleDefinitions>
          <TabDisplayRules />
          <DisplayRules />
          <EnableRules />
        </RuleDefinitions>
        <LocLabels />
      </RibbonDiffXml>
    </Entity>
    <Entity>
      <Name LocalizedName="Job Status" OriginalName="Job Status">is_jobstatus</Name>
      <EntityInfo>
        <entity Name="is_jobstatus" unmodified="1">
          <attributes />
        </entity>
      </EntityInfo>
      <FormXml>
        <forms type="main">
          <systemform>
            <formid>{8d8722dc-f247-ef11-a317-7c1e521c081d}</formid>
            <IntroducedVersion>1.0.0.0</IntroducedVersion>
            <FormPresentation>1</FormPresentation>
            <FormActivationState>1</FormActivationState>
            <form headerdensity="HighWithControls">
              <DisplayConditions Order="1" FallbackForm="true">
                <Role Id="{627090ff-40a3-4053-8790-584edc5be201}" solutionaction="Modified" />
                <Role Id="{119f245c-3cc8-4b62-b31c-d1a046ced15d}" solutionaction="Modified" />
                <Role Id="{4A55705D-5FB2-483C-9881-8FAA64B31BE1}" solutionaction="Added" />
              </DisplayConditions>
            </form>
            <LocalizedNames>
              <LocalizedName description="Main Information Form" languagecode="1033" />
            </LocalizedNames>
            <Descriptions>
              <Description description="A form for this entity." languagecode="1033" />
            </Descriptions>
          </systemform>
          <systemform>
            <formid>{8472b478-e19d-427d-a8db-8dd9ee9a4f33}</formid>
            <IntroducedVersion>1.0</IntroducedVersion>
            <FormPresentation>1</FormPresentation>
            <FormActivationState>1</FormActivationState>
            <form>
              <DisplayConditions FallbackForm="false" Order="2" solutionaction="Added" />
            </form>
            <LocalizedNames>
              <LocalizedName description="Information" languagecode="1033" />
            </LocalizedNames>
            <Descriptions>
              <Description description="A form for this entity." languagecode="1033" />
            </Descriptions>
          </systemform>
        </forms>
      </FormXml>
      <RibbonDiffXml>
        <CustomActions />
        <Templates>
          <RibbonTemplates Id="Mscrm.Templates"></RibbonTemplates>
        </Templates>
        <CommandDefinitions />
        <RuleDefinitions>
          <TabDisplayRules />
          <DisplayRules />
          <EnableRules />
        </RuleDefinitions>
        <LocLabels />
      </RibbonDiffXml>
    </Entity>
    <Entity>
      <Name LocalizedName="OnHand Change Schedule Configuration V2" OriginalName="OnHand Change Schedule Configuration V2">is_onhandscheduleconfigv2</Name>
      <EntityInfo>
        <entity Name="is_onhandscheduleconfigv2" unmodified="1">
          <attributes />
        </entity>
      </EntityInfo>
      <FormXml>
        <forms type="main">
          <systemform>
            <formid>{9dbfbd32-33e3-ed11-a7c7-000d3a12783c}</formid>
            <IntroducedVersion>1.0.0.0</IntroducedVersion>
            <FormPresentation>1</FormPresentation>
            <FormActivationState>1</FormActivationState>
            <form headerdensity="HighWithControls">
              <DisplayConditions Order="1" FallbackForm="true">
                <Role Id="{627090ff-40a3-4053-8790-584edc5be201}" solutionaction="Modified" />
                <Role Id="{119f245c-3cc8-4b62-b31c-d1a046ced15d}" solutionaction="Modified" />
                <Role Id="{4A55705D-5FB2-483C-9881-8FAA64B31BE1}" solutionaction="Added" />
              </DisplayConditions>
            </form>
            <LocalizedNames>
              <LocalizedName description="IV UI V2 form" languagecode="1033" />
            </LocalizedNames>
            <Descriptions>
              <Description description="A form for this entity." languagecode="1033" />
            </Descriptions>
          </systemform>
          <systemform>
            <formid>{3f5c90f4-ec2a-489e-83c1-a2a1290c21d8}</formid>
            <IntroducedVersion>1.0</IntroducedVersion>
            <FormPresentation>1</FormPresentation>
            <FormActivationState>1</FormActivationState>
            <form>
              <DisplayConditions FallbackForm="false" Order="2" solutionaction="Added" />
            </form>
            <LocalizedNames>
              <LocalizedName description="Information" languagecode="1033" />
            </LocalizedNames>
            <Descriptions>
              <Description description="A form for this entity." languagecode="1033" />
            </Descriptions>
          </systemform>
        </forms>
      </FormXml>
      <RibbonDiffXml>
        <CustomActions />
        <Templates>
          <RibbonTemplates Id="Mscrm.Templates"></RibbonTemplates>
        </Templates>
        <CommandDefinitions />
        <RuleDefinitions>
          <TabDisplayRules />
          <DisplayRules />
          <EnableRules />
        </RuleDefinitions>
        <LocLabels />
      </RibbonDiffXml>
    </Entity>
    <Entity>
      <Name LocalizedName="Physical Measure V2" OriginalName="Physical Measure V2">is_physicalmeasurev2</Name>
      <EntityInfo>
        <entity Name="is_physicalmeasurev2" unmodified="1">
          <attributes />
        </entity>
      </EntityInfo>
      <FormXml>
        <forms type="main">
          <systemform>
            <formid>{8b72460a-37e3-ed11-a7c7-000d3a12783c}</formid>
            <IntroducedVersion>1.0.0.0</IntroducedVersion>
            <FormPresentation>1</FormPresentation>
            <FormActivationState>1</FormActivationState>
            <form headerdensity="HighWithControls">
              <DisplayConditions Order="1" FallbackForm="true">
                <Role Id="{627090ff-40a3-4053-8790-584edc5be201}" solutionaction="Modified" />
                <Role Id="{119f245c-3cc8-4b62-b31c-d1a046ced15d}" solutionaction="Modified" />
                <Role Id="{4A55705D-5FB2-483C-9881-8FAA64B31BE1}" solutionaction="Added" />
              </DisplayConditions>
            </form>
            <LocalizedNames>
              <LocalizedName description="IV UI V2 form" languagecode="1033" />
            </LocalizedNames>
            <Descriptions>
              <Description description="A form for this entity." languagecode="1033" />
            </Descriptions>
          </systemform>
          <systemform>
            <formid>{1dc1146c-7786-4fe9-933e-70230dd85d7e}</formid>
            <IntroducedVersion>1.0</IntroducedVersion>
            <FormPresentation>1</FormPresentation>
            <FormActivationState>1</FormActivationState>
            <form>
              <DisplayConditions FallbackForm="false" Order="2" solutionaction="Added" />
            </form>
            <LocalizedNames>
              <LocalizedName description="Information" languagecode="1033" />
            </LocalizedNames>
            <Descriptions>
              <Description description="A form for this entity." languagecode="1033" />
            </Descriptions>
          </systemform>
        </forms>
      </FormXml>
      <RibbonDiffXml>
        <CustomActions />
        <Templates>
          <RibbonTemplates Id="Mscrm.Templates"></RibbonTemplates>
        </Templates>
        <CommandDefinitions />
        <RuleDefinitions>
          <TabDisplayRules />
          <DisplayRules />
          <EnableRules />
        </RuleDefinitions>
        <LocLabels />
      </RibbonDiffXml>
    </Entity>
    <Entity>
      <Name LocalizedName="Reservation Mapping V2" OriginalName="Reservation Mapping V2">is_reservmappingv2</Name>
      <EntityInfo>
        <entity Name="is_reservmappingv2" unmodified="1">
          <attributes />
        </entity>
      </EntityInfo>
      <FormXml>
        <forms type="main">
          <systemform>
            <formid>{8c065a04-38e3-ed11-a7c7-0022482361d3}</formid>
            <IntroducedVersion>1.0.0.0</IntroducedVersion>
            <FormPresentation>1</FormPresentation>
            <FormActivationState>1</FormActivationState>
            <form headerdensity="HighWithControls">
              <DisplayConditions Order="1" FallbackForm="true">
                <Role Id="{627090ff-40a3-4053-8790-584edc5be201}" solutionaction="Modified" />
                <Role Id="{119f245c-3cc8-4b62-b31c-d1a046ced15d}" solutionaction="Modified" />
                <Role Id="{4A55705D-5FB2-483C-9881-8FAA64B31BE1}" solutionaction="Added" />
              </DisplayConditions>
            </form>
            <LocalizedNames>
              <LocalizedName description="IV UI V2 form" languagecode="1033" />
            </LocalizedNames>
            <Descriptions>
              <Description description="A form for this entity." languagecode="1033" />
            </Descriptions>
          </systemform>
          <systemform>
            <formid>{d520f10a-c78f-4565-a248-30427f78275b}</formid>
            <IntroducedVersion>1.0</IntroducedVersion>
            <FormPresentation>1</FormPresentation>
            <FormActivationState>1</FormActivationState>
            <form>
              <DisplayConditions FallbackForm="false" Order="2" solutionaction="Added" />
            </form>
            <LocalizedNames>
              <LocalizedName description="Information" languagecode="1033" />
            </LocalizedNames>
            <Descriptions>
              <Description description="A form for this entity." languagecode="1033" />
            </Descriptions>
          </systemform>
        </forms>
      </FormXml>
      <RibbonDiffXml>
        <CustomActions />
        <Templates>
          <RibbonTemplates Id="Mscrm.Templates"></RibbonTemplates>
        </Templates>
        <CommandDefinitions />
        <RuleDefinitions>
          <TabDisplayRules />
          <DisplayRules />
          <EnableRules />
        </RuleDefinitions>
        <LocLabels />
      </RibbonDiffXml>
    </Entity>
    <Entity>
      <Name LocalizedName="Schedule Feature Entity" OriginalName="Schedule Feature Entity">is_schedulefeaturesettings</Name>
      <EntityInfo>
        <entity Name="is_schedulefeaturesettings" unmodified="1">
          <attributes />
        </entity>
      </EntityInfo>
      <FormXml>
        <forms type="main">
          <systemform>
            <formid>{a8684ec7-38e3-ed11-a7c7-000d3a12783c}</formid>
            <IntroducedVersion>1.0.0.0</IntroducedVersion>
            <FormPresentation>1</FormPresentation>
            <FormActivationState>1</FormActivationState>
            <form headerdensity="HighWithControls">
              <DisplayConditions Order="1" FallbackForm="true">
                <Role Id="{627090ff-40a3-4053-8790-584edc5be201}" solutionaction="Modified" />
                <Role Id="{119f245c-3cc8-4b62-b31c-d1a046ced15d}" solutionaction="Modified" />
                <Role Id="{4A55705D-5FB2-483C-9881-8FAA64B31BE1}" solutionaction="Added" />
              </DisplayConditions>
            </form>
            <LocalizedNames>
              <LocalizedName description="IV UI V2 form" languagecode="1033" />
            </LocalizedNames>
            <Descriptions>
              <Description description="A form for this entity." languagecode="1033" />
            </Descriptions>
          </systemform>
          <systemform>
            <formid>{3e6e4c19-df34-4d6f-8003-9ea2a915e0cd}</formid>
            <IntroducedVersion>1.0</IntroducedVersion>
            <FormPresentation>1</FormPresentation>
            <FormActivationState>1</FormActivationState>
            <form>
              <DisplayConditions FallbackForm="false" Order="2" solutionaction="Added" />
            </form>
            <LocalizedNames>
              <LocalizedName description="Information" languagecode="1033" />
            </LocalizedNames>
            <Descriptions>
              <Description description="A form for this entity." languagecode="1033" />
            </Descriptions>
          </systemform>
        </forms>
      </FormXml>
      <RibbonDiffXml>
        <CustomActions />
        <Templates>
          <RibbonTemplates Id="Mscrm.Templates"></RibbonTemplates>
        </Templates>
        <CommandDefinitions />
        <RuleDefinitions>
          <TabDisplayRules />
          <DisplayRules />
          <EnableRules />
        </RuleDefinitions>
        <LocLabels />
      </RibbonDiffXml>
    </Entity>
    <Entity>
      <Name LocalizedName="Soft reservation feature" OriginalName="Soft reservation feature">is_softreservationfeaturesettings</Name>
      <EntityInfo>
        <entity Name="is_softreservationfeaturesettings" unmodified="1">
          <attributes />
        </entity>
      </EntityInfo>
      <FormXml>
        <forms type="main">
          <systemform>
            <formid>{22fe1f09-39e3-ed11-a7c7-000d3a12783c}</formid>
            <IntroducedVersion>1.0.0.0</IntroducedVersion>
            <FormPresentation>1</FormPresentation>
            <FormActivationState>1</FormActivationState>
            <form headerdensity="HighWithControls">
              <DisplayConditions Order="1" FallbackForm="true">
                <Role Id="{627090ff-40a3-4053-8790-584edc5be201}" solutionaction="Modified" />
                <Role Id="{119f245c-3cc8-4b62-b31c-d1a046ced15d}" solutionaction="Modified" />
                <Role Id="{4A55705D-5FB2-483C-9881-8FAA64B31BE1}" solutionaction="Added" />
              </DisplayConditions>
            </form>
            <LocalizedNames>
              <LocalizedName description="IV UI V2 form" languagecode="1033" />
            </LocalizedNames>
            <Descriptions>
              <Description description="A form for this entity." languagecode="1033" />
            </Descriptions>
          </systemform>
          <systemform>
            <formid>{5df1b23b-6e33-4329-b544-34465c56691d}</formid>
            <IntroducedVersion>1.0</IntroducedVersion>
            <FormPresentation>1</FormPresentation>
            <FormActivationState>1</FormActivationState>
            <form>
              <DisplayConditions FallbackForm="false" Order="2" solutionaction="Added" />
            </form>
            <LocalizedNames>
              <LocalizedName description="Information" languagecode="1033" />
            </LocalizedNames>
            <Descriptions>
              <Description description="A form for this entity." languagecode="1033" />
            </Descriptions>
          </systemform>
        </forms>
      </FormXml>
      <RibbonDiffXml>
        <CustomActions />
        <Templates>
          <RibbonTemplates Id="Mscrm.Templates"></RibbonTemplates>
        </Templates>
        <CommandDefinitions />
        <RuleDefinitions>
          <TabDisplayRules />
          <DisplayRules />
          <EnableRules />
        </RuleDefinitions>
        <LocLabels />
      </RibbonDiffXml>
    </Entity>
    <Entity>
      <Name LocalizedName="Transaction Feature Entity" OriginalName="Transaction Feature Entity">is_transactionfeaturesettings</Name>
      <EntityInfo>
        <entity Name="is_transactionfeaturesettings" unmodified="1">
          <attributes />
        </entity>
      </EntityInfo>
      <FormXml>
        <forms type="main">
          <systemform>
            <formid>{5c8bdb93-f584-471a-836e-0a37bfa0f6ca}</formid>
            <IntroducedVersion>1.0</IntroducedVersion>
            <FormPresentation>1</FormPresentation>
            <FormActivationState>1</FormActivationState>
            <form>
              <DisplayConditions FallbackForm="false" Order="2" solutionaction="Added" />
            </form>
            <LocalizedNames>
              <LocalizedName description="Information" languagecode="1033" />
            </LocalizedNames>
            <Descriptions>
              <Description description="A form for this entity." languagecode="1033" />
            </Descriptions>
          </systemform>
          <systemform>
            <formid>{c2aad092-a128-ef11-840a-6045bd02ac97}</formid>
            <IntroducedVersion>1.0.0.0</IntroducedVersion>
            <FormPresentation>1</FormPresentation>
            <FormActivationState>1</FormActivationState>
            <form headerdensity="HighReadOnlyValues">
              <tabs>
                <tab name="tab_3" id="2943bb13-fd6b-460f-9bee-ccc898b372cd" IsUserDefined="0" locklevel="0" showlabel="true" labelid="{4942a614-0766-4dc9-831d-808863f2d93e}" ordinalvalue="1">
                  <columns>
                    <column width="100%" id="0">
                      <sections>
                        <section name="tab_3_section_4" id="99aa2827-1ae5-4d87-8170-1735dc009506" IsUserDefined="0" locklevel="0" showlabel="true" showbar="false" layout="varwidth" celllabelalignment="Left" celllabelposition="Left" columns="11" labelwidth="115" ordinalvalue="1">
                          <rows>
                            <row>
                              <cell id="{a1afb38c-9162-432a-8cf8-a26ee9051016}" locklevel="0" colspan="1" rowspan="1" ordinalvalue="10004">
                                <labels>
                                  <label description="Fno sync max journal count in package" languagecode="1033" solutionaction="Modified" />
                                </labels>
                              </cell>
                            </row>
                          </rows>
                        </section>
                      </sections>
                    </column>
                  </columns>
                </tab>
              </tabs>
              <DisplayConditions FallbackForm="true" Order="1">
                <Role Id="{627090ff-40a3-4053-8790-584edc5be201}" solutionaction="Modified" />
                <Role Id="{119f245c-3cc8-4b62-b31c-d1a046ced15d}" solutionaction="Modified" />
                <Role Id="{4A55705D-5FB2-483C-9881-8FAA64B31BE1}" solutionaction="Added" />
              </DisplayConditions>
            </form>
            <LocalizedNames>
              <LocalizedName description="Transaction Feature Entity main form" languagecode="1033" />
            </LocalizedNames>
            <Descriptions>
              <Description description="A form for this entity." languagecode="1033" />
            </Descriptions>
          </systemform>
        </forms>
      </FormXml>
      <RibbonDiffXml>
        <CustomActions />
        <Templates>
          <RibbonTemplates Id="Mscrm.Templates"></RibbonTemplates>
        </Templates>
        <CommandDefinitions />
        <RuleDefinitions>
          <TabDisplayRules />
          <DisplayRules />
          <EnableRules />
        </RuleDefinitions>
        <LocLabels />
      </RibbonDiffXml>
    </Entity>
    <Entity>
      <Name LocalizedName="Transaction Fno Synchronization Configuration" OriginalName="Transaction Fno Synchronization Configuration">is_transactionfnosyncconfiguration</Name>
      <EntityInfo>
        <entity Name="is_transactionfnosyncconfiguration" unmodified="1">
          <attributes />
        </entity>
      </EntityInfo>
      <FormXml>
        <forms type="main">
          <systemform>
            <formid>{b09e4bfe-9e28-ef11-840a-6045bd02ac97}</formid>
            <IntroducedVersion>1.0.0.0</IntroducedVersion>
            <FormPresentation>1</FormPresentation>
            <FormActivationState>1</FormActivationState>
            <form headerdensity="HighWithControls">
              <DisplayConditions Order="1" FallbackForm="true">
                <Role Id="{627090ff-40a3-4053-8790-584edc5be201}" solutionaction="Modified" />
                <Role Id="{119f245c-3cc8-4b62-b31c-d1a046ced15d}" solutionaction="Modified" />
                <Role Id="{4A55705D-5FB2-483C-9881-8FAA64B31BE1}" solutionaction="Added" />
              </DisplayConditions>
            </form>
            <LocalizedNames>
              <LocalizedName description="Transaction Fno Synchronization Configuration Form" languagecode="1033" />
            </LocalizedNames>
            <Descriptions>
              <Description description="A form for this entity." languagecode="1033" />
            </Descriptions>
          </systemform>
          <systemform>
            <formid>{cfd375ed-92c6-4e55-baac-65291f9c122d}</formid>
            <IntroducedVersion>1.0</IntroducedVersion>
            <FormPresentation>1</FormPresentation>
            <FormActivationState>1</FormActivationState>
            <form>
              <DisplayConditions FallbackForm="false" Order="2" solutionaction="Added" />
            </form>
            <LocalizedNames>
              <LocalizedName description="Information" languagecode="1033" />
            </LocalizedNames>
            <Descriptions>
              <Description description="A form for this entity." languagecode="1033" />
            </Descriptions>
          </systemform>
        </forms>
      </FormXml>
      <RibbonDiffXml>
        <CustomActions />
        <Templates>
          <RibbonTemplates Id="Mscrm.Templates"></RibbonTemplates>
        </Templates>
        <CommandDefinitions />
        <RuleDefinitions>
          <TabDisplayRules />
          <DisplayRules />
          <EnableRules />
        </RuleDefinitions>
        <LocLabels />
      </RibbonDiffXml>
    </Entity>
    <Entity>
      <Name LocalizedName="Transaction Logging Feature Entity" OriginalName="Transaction Logging Feature Entity">is_transactionloggingfeaturesettings</Name>
      <EntityInfo>
        <entity Name="is_transactionloggingfeaturesettings" unmodified="1">
          <attributes />
        </entity>
      </EntityInfo>
      <FormXml>
        <forms type="main">
          <systemform>
            <formid>{7ce4eceb-eb37-ee11-bdf4-000d3a1a9494}</formid>
            <IntroducedVersion>1.1.0.0</IntroducedVersion>
            <FormPresentation>1</FormPresentation>
            <FormActivationState>1</FormActivationState>
            <form headerdensity="HighWithControls">
              <DisplayConditions Order="1" FallbackForm="true">
                <Role Id="{627090ff-40a3-4053-8790-584edc5be201}" solutionaction="Modified" />
                <Role Id="{119f245c-3cc8-4b62-b31c-d1a046ced15d}" solutionaction="Modified" />
                <Role Id="{4A55705D-5FB2-483C-9881-8FAA64B31BE1}" solutionaction="Added" />
              </DisplayConditions>
            </form>
            <LocalizedNames>
              <LocalizedName description="IV UI V2 form" languagecode="1033" />
            </LocalizedNames>
            <Descriptions>
              <Description description="A form for this entity." languagecode="1033" />
            </Descriptions>
          </systemform>
          <systemform>
            <formid>{536cbd03-6558-43c0-8b82-9187586df6d8}</formid>
            <IntroducedVersion>1.0</IntroducedVersion>
            <FormPresentation>1</FormPresentation>
            <FormActivationState>1</FormActivationState>
            <form>
              <DisplayConditions FallbackForm="false" Order="2" solutionaction="Added" />
            </form>
            <LocalizedNames>
              <LocalizedName description="Information" languagecode="1033" />
            </LocalizedNames>
            <Descriptions>
              <Description description="A form for this entity." languagecode="1033" />
            </Descriptions>
          </systemform>
        </forms>
      </FormXml>
      <RibbonDiffXml>
        <CustomActions />
        <Templates>
          <RibbonTemplates Id="Mscrm.Templates"></RibbonTemplates>
        </Templates>
        <CommandDefinitions />
        <RuleDefinitions>
          <TabDisplayRules />
          <DisplayRules />
          <EnableRules />
        </RuleDefinitions>
        <LocLabels />
      </RibbonDiffXml>
    </Entity>
  </Entities>
  <Roles></Roles>
  <Workflows></Workflows>
  <FieldSecurityProfiles></FieldSecurityProfiles>
  <Templates />
  <EntityMaps />
  <EntityRelationships />
  <OrganizationSettings />
  <optionsets />
  <CustomControls />
  <EntityDataProviders />
  <Languages>
    <Language>1033</Language>
  </Languages>
</ImportExportXml>